{
    "4.38592": [
        47,
        18,
        91,
        37,
        27,
        22,
        47,
        48,
        33,
        35,
        45,
        20,
        24,
        22,
        18,
        12,
        13,
        58,
        32,
        42,
        29,
        17,
        19,
        17,
        29,
        7,
        46,
        19,
        52,
        45,
        39,
        31,
        9,
        31,
        22,
        10,
        37,
        33,
        18,
        43,
        31,
        30,
        26,
        7,
        24,
        41,
        76,
        23,
        48,
        67,
        24,
        29,
        15,
        65,
        29,
        36,
        44,
        28,
        71,
        27,
        21,
        16,
        39,
        49,
        18,
        59,
        2,
        38,
        21,
        30,
        20,
        null,
        34,
        11,
        64,
        49,
        29,
        43,
        16,
        39,
        31,
        45,
        15,
        33,
        53,
        31,
        54,
        14,
        31,
        13,
        19,
        53,
        20,
        35,
        58,
        74,
        24,
        16,
        33,
        39
    ],
    "4.50912": [
        13,
        18,
        4,
        16,
        27,
        21,
        14,
        32,
        22,
        18,
        4,
        15,
        21,
        15,
        11,
        10,
        13,
        11,
        30,
        15,
        11,
        12,
        14,
        13,
        14,
        7,
        17,
        18,
        23,
        24,
        14,
        23,
        7,
        10,
        5,
        10,
        16,
        13,
        18,
        24,
        17,
        30,
        16,
        7,
        16,
        9,
        14,
        21,
        15,
        11,
        13,
        7,
        15,
        11,
        20,
        18,
        30,
        18,
        13,
        15,
        18,
        7,
        16,
        20,
        11,
        16,
        2,
        9,
        21,
        26,
        13,
        null,
        16,
        11,
        1,
        11,
        18,
        11,
        10,
        23,
        19,
        4,
        14,
        18,
        9,
        13,
        13,
        5,
        22,
        9,
        16,
        10,
        15,
        8,
        8,
        11,
        22,
        15,
        17,
        14
    ],
    "4.63232": [
        1,
        18,
        4,
        16,
        27,
        21,
        14,
        32,
        22,
        18,
        4,
        15,
        21,
        15,
        6,
        10,
        13,
        10,
        30,
        15,
        11,
        12,
        14,
        13,
        14,
        7,
        17,
        18,
        23,
        23,
        14,
        23,
        7,
        10,
        5,
        10,
        14,
        13,
        18,
        24,
        17,
        30,
        16,
        7,
        16,
        9,
        14,
        21,
        15,
        11,
        13,
        7,
        15,
        11,
        20,
        18,
        30,
        18,
        13,
        15,
        18,
        7,
        16,
        20,
        11,
        16,
        1,
        9,
        21,
        26,
        13,
        null,
        16,
        11,
        1,
        11,
        18,
        11,
        10,
        23,
        19,
        4,
        14,
        18,
        9,
        12,
        13,
        5,
        22,
        9,
        16,
        10,
        15,
        8,
        8,
        11,
        19,
        15,
        17,
        14
    ],
    "4.75552": [
        1,
        16,
        4,
        15,
        5,
        21,
        11,
        23,
        22,
        18,
        3,
        14,
        12,
        12,
        6,
        9,
        10,
        10,
        27,
        15,
        11,
        11,
        7,
        6,
        13,
        7,
        16,
        7,
        18,
        21,
        14,
        18,
        5,
        10,
        5,
        7,
        14,
        13,
        15,
        23,
        9,
        18,
        16,
        4,
        16,
        6,
        14,
        17,
        15,
        7,
        13,
        7,
        15,
        11,
        8,
        18,
        29,
        18,
        13,
        13,
        16,
        6,
        13,
        18,
        9,
        15,
        1,
        9,
        10,
        24,
        7,
        null,
        12,
        10,
        1,
        11,
        16,
        7,
        7,
        23,
        19,
        4,
        12,
        18,
        8,
        8,
        10,
        4,
        15,
        4,
        16,
        10,
        14,
        8,
        7,
        8,
        7,
        7,
        12,
        14
    ],
    "4.8787199999999995": [
        1,
        15,
        4,
        15,
        5,
        21,
        6,
        17,
        22,
        18,
        3,
        14,
        12,
        12,
        6,
        9,
        10,
        7,
        26,
        15,
        11,
        11,
        7,
        6,
        13,
        7,
        13,
        7,
        17,
        20,
        10,
        18,
        2,
        10,
        4,
        7,
        13,
        13,
        13,
        22,
        9,
        15,
        16,
        4,
        16,
        6,
        14,
        16,
        12,
        7,
        11,
        6,
        15,
        7,
        8,
        18,
        29,
        17,
        9,
        11,
        16,
        6,
        7,
        18,
        7,
        13,
        1,
        9,
        10,
        22,
        6,
        null,
        11,
        10,
        1,
        9,
        13,
        7,
        7,
        22,
        18,
        4,
        12,
        18,
        8,
        2,
        9,
        4,
        15,
        2,
        16,
        10,
        14,
        8,
        7,
        8,
        6,
        7,
        8,
        12
    ]
}