{
    "4.13952": [
        13,
        60,
        74,
        22,
        77,
        18,
        44,
        95,
        14,
        36,
        6,
        63,
        5,
        68,
        11,
        9,
        59,
        82,
        29,
        21,
        38,
        91,
        50,
        18,
        13,
        23,
        75,
        30,
        40,
        83,
        34,
        45,
        33,
        54,
        8,
        28,
        16,
        19,
        57,
        23,
        71,
        10,
        25,
        80,
        20,
        76,
        18,
        32,
        79,
        14,
        24,
        16,
        4,
        42,
        6,
        48,
        69,
        26,
        26,
        54,
        84,
        17,
        37,
        7,
        25,
        24,
        93,
        20,
        40,
        24,
        33,
        27,
        17,
        11,
        1,
        13,
        17,
        50,
        11,
        13,
        16,
        84,
        78,
        63,
        42,
        19,
        90,
        20,
        15,
        80,
        73,
        18,
        5,
        23,
        14,
        96,
        59,
        67,
        39,
        89
    ],
    "4.33664": [
        13,
        60,
        74,
        22,
        77,
        18,
        44,
        95,
        14,
        36,
        6,
        63,
        5,
        68,
        11,
        9,
        59,
        82,
        29,
        21,
        38,
        91,
        50,
        18,
        13,
        23,
        75,
        30,
        40,
        83,
        34,
        45,
        33,
        54,
        8,
        28,
        16,
        19,
        57,
        23,
        71,
        10,
        25,
        80,
        20,
        76,
        18,
        32,
        79,
        14,
        24,
        16,
        4,
        42,
        6,
        48,
        69,
        26,
        26,
        54,
        84,
        17,
        37,
        7,
        25,
        24,
        93,
        20,
        40,
        24,
        33,
        27,
        17,
        11,
        1,
        13,
        17,
        50,
        11,
        13,
        16,
        84,
        78,
        63,
        42,
        19,
        90,
        20,
        15,
        80,
        73,
        18,
        5,
        23,
        14,
        96,
        59,
        67,
        39,
        89
    ],
    "4.53376": [
        13,
        14,
        13,
        20,
        6,
        18,
        21,
        23,
        14,
        27,
        4,
        8,
        3,
        8,
        11,
        8,
        11,
        15,
        20,
        18,
        14,
        8,
        11,
        18,
        12,
        12,
        5,
        19,
        31,
        19,
        8,
        38,
        33,
        11,
        3,
        9,
        15,
        16,
        21,
        22,
        3,
        4,
        16,
        15,
        19,
        21,
        16,
        19,
        14,
        13,
        12,
        12,
        3,
        11,
        5,
        18,
        21,
        13,
        20,
        21,
        12,
        17,
        32,
        5,
        14,
        14,
        46,
        18,
        19,
        15,
        12,
        22,
        10,
        11,
        1,
        8,
        6,
        15,
        11,
        13,
        16,
        24,
        21,
        10,
        7,
        17,
        15,
        13,
        13,
        2,
        16,
        16,
        4,
        9,
        12,
        16,
        14,
        25,
        16,
        25
    ],
    "4.73088": [
        13,
        12,
        7,
        20,
        6,
        18,
        18,
        20,
        14,
        27,
        4,
        8,
        3,
        8,
        11,
        1,
        9,
        9,
        18,
        15,
        12,
        7,
        9,
        18,
        11,
        12,
        5,
        19,
        21,
        19,
        5,
        16,
        27,
        11,
        3,
        9,
        15,
        9,
        16,
        22,
        3,
        4,
        14,
        10,
        19,
        21,
        7,
        18,
        14,
        8,
        12,
        11,
        3,
        9,
        5,
        18,
        21,
        13,
        20,
        20,
        12,
        17,
        32,
        5,
        14,
        12,
        46,
        18,
        7,
        15,
        7,
        18,
        10,
        11,
        1,
        5,
        6,
        8,
        11,
        13,
        16,
        17,
        16,
        8,
        7,
        16,
        15,
        13,
        13,
        2,
        16,
        16,
        4,
        8,
        12,
        10,
        8,
        22,
        10,
        23
    ],
    "4.928": [
        13,
        12,
        7,
        18,
        6,
        18,
        12,
        17,
        14,
        27,
        3,
        8,
        2,
        8,
        9,
        1,
        9,
        8,
        18,
        15,
        12,
        7,
        7,
        18,
        11,
        7,
        5,
        19,
        17,
        10,
        5,
        15,
        19,
        10,
        3,
        8,
        15,
        9,
        15,
        22,
        3,
        2,
        13,
        9,
        18,
        15,
        7,
        17,
        14,
        8,
        11,
        7,
        2,
        9,
        3,
        18,
        13,
        13,
        20,
        15,
        10,
        17,
        26,
        4,
        13,
        12,
        46,
        17,
        7,
        15,
        7,
        17,
        10,
        11,
        1,
        5,
        4,
        6,
        10,
        13,
        16,
        13,
        15,
        8,
        7,
        15,
        12,
        13,
        13,
        1,
        10,
        15,
        2,
        8,
        12,
        9,
        6,
        21,
        10,
        22
    ]
}